SQL> select staff_name,d.dept_code,dept_name from staff_master s inner join department_master d on s.dept_code=d.dept_code and staff_sal>20000;

STAFF_NAME                                          DEPT_CODE DEPT_NAME                                                                                                                                                                                                                                                                                                                                                                                                                                                                                                                                                                                                                                                                                                                                                                                                                                                                                                                                                                 
-------------------------------------------------- ---------- --------------------------------------------------                                                                                                                                                                                                                                                                                                                                                                                                                                                                                                                                                                                                                                                                                                                                                                                                                                                                                                                        
Mohan                                                      10 Computer Science                                                                                                                                                                                                                                                                                                                                                                                                                                                                                                                                                                                                                                                                                                                                                                                                                                                                                                                                                          
John                                                       10 Computer Science                                                                                                                                                                                                                                                                                                                                                                                                                                                                                                                                                                                                                                                                                                                                                                                                                                                                                                                                                          
Allen                                                      30 Electronics                                                                                                                                                                                                                                                                                                                                                                                                                                                                                                                                                                                                                                                                                                                                                                                                                                                                                                                                                               
Smith                                                      20 Electricals                                                                                                                                                                                                                                                                                                                                                                                                                                                                                                                                                                                                                                                                                                                                                                                                                                                                                                                                                               
Rahul                                                      20 Electricals                                                                                                                                                                                                                                                                                                                                                                                                                                                                                                                                                                                                                                                                                                                                                                                                                                                                                                                                                               
Ram                                                        30 Electronics                                                                                                                                                                                                                                                                                                                                                                                                                                                                                                                                                                                                                                                                                                                                                                                                                                                                                                                                                               

6 rows selected.

SQL> select s1.staff_code as staff#,s1.staff_name as staff,s1.mgr_code as mgr#,s2.staff_name as manager,d.dept_name from staff_master s1 , staff_master s2,department_master d where s1.mgr_code=s2.staff_code and s1.dept_code=d.dept_code;

    STAFF# STAFF                                                    MGR# MANAGER                                            DEPT_NAME                                                                                                                                                                                                                                                                                                                                                                                                                                                                                                                                                                                                                                                                                                                                                                                                                                                                                                   
---------- -------------------------------------------------- ---------- -------------------------------------------------- --------------------------------------------------                                                                                                                                                                                                                                                                                                                                                                                                                                                                                                                                                                                                                                                                                                                                                                                                                                                          
    100007 Smith                                                  100005 John                                               Electricals                                                                                                                                                                                                                                                                                                                                                                                                                                                                                                                                                                                                                                                                                                                                                                                                                                                                                                 
    100006 Allen                                                  100005 John                                               Electronics                                                                                                                                                                                                                                                                                                                                                                                                                                                                                                                                                                                                                                                                                                                                                                                                                                                                                                 
    100009 Rahul                                                  100006 Allen                                              Electricals                                                                                                                                                                                                                                                                                                                                                                                                                                                                                                                                                                                                                                                                                                                                                                                                                                                                                                 
    100008 Raviraj                                                100006 Allen                                              Mechanics                                                                                                                                                                                                                                                                                                                                                                                                                                                                                                                                                                                                                                                                                                                                                                                                                                                                                                   
    100004 Anil                                                   100006 Allen                                              Electricals                                                                                                                                                                                                                                                                                                                                                                                                                                                                                                                                                                                                                                                                                                                                                                                                                                                                                                 
    100003 Mohan                                                  100006 Allen                                              Computer Science                                                                                                                                                                                                                                                                                                                                                                                                                                                                                                                                                                                                                                                                                                                                                                                                                                                                                            
    100001 Arvind                                                 100006 Allen                                              Electronics                                                                                                                                                                                                                                                                                                                                                                                                                                                                                                                                                                                                                                                                                                                                                                                                                                                                                                 
    100010 Ram                                                    100007 Smith                                              Electronics                                                                                                                                                                                                                                                                                                                                                                                                                                                                                                                                                                                                                                                                                                                                                                                                                                                                                                 
    100005 John                                                   100007 Smith                                              Computer Science                                                                                                                                                                                                                                                                                                                                                                                                                                                                                                                                                                                                                                                                                                                                                                                                                                                                                            
    100002 Shyam                                                  100007 Smith                                              Electricals                                                                                                                                                                                                                                                                                                                                                                                                                                                                                                                                                                                                                                                                                                                                                                                                                                                                                                 

10 rows selected.

SQL>  select s1.student_code,s1.student_name,b1.book_code,bm.book_name from student_master s1 inner join book_transactions b1 on s1.student_code=b1.student_code inner join book_master bm on bm.book_code=b1.book_code and b1.Book_expected_return_date=sysdate;

no rows selected

SQL> select s1.staff_code,s1.staff_name,d1.dept_name,dm.design_name,b1.book_code,bm.book_name,b1.Book_issue_Date from staff_master s1 inner join department_master d1 on s1.dept_code=d1.dept_code inner join designation_master dm on s1.design_code=dm.design_code inner join book_transactions b1 on s1.staff_code=b1.staff_code inner join book_master bm on bm.book_code=b1.book_code;

no rows selected

SQL> select s1.staff_code,s1.staff_name,dm.design_name,d1.dept_name,bt.book_code,bm.book_name,bm.book_pub_author ,5*(sysdate-book_expected_return_date) AS FINE from staff_master s1 inner join department_master d1 on s1.dept_code=d1.dept_code inner join designation_master dm on s1.design_code=dm.design_code inner join book_transactions bt on s1.staff_code=bt.staff_code inner join book_master bm on bt.book_code=bm.book_code;

no rows selected

SQL> select staff_code,staff_name,staff_sal from staff_master where staff_sal<(select avg(staff_sal) from staff_master);

STAFF_CODE STAFF_NAME                                          STAFF_SAL                                                                                                                                                                                                                                                                                                                                                                                                                                                                                                                                                                                                                                                                                                                                                                                                                                                                                                                                                                
---------- -------------------------------------------------- ----------                                                                                                                                                                                                                                                                                                                                                                                                                                                                                                                                                                                                                                                                                                                                                                                                                                                                                                                                                                
    100001 Arvind                                                  17000                                                                                                                                                                                                                                                                                                                                                                                                                                                                                                                                                                                                                                                                                                                                                                                                                                                                                                                                                                
    100002 Shyam                                                   20000                                                                                                                                                                                                                                                                                                                                                                                                                                                                                                                                                                                                                                                                                                                                                                                                                                                                                                                                                                
    100003 Mohan                                                   24000                                                                                                                                                                                                                                                                                                                                                                                                                                                                                                                                                                                                                                                                                                                                                                                                                                                                                                                                                                
    100004 Anil                                                    20000                                                                                                                                                                                                                                                                                                                                                                                                                                                                                                                                                                                                                                                                                                                                                                                                                                                                                                                                                                
    100008 Raviraj                                                 18000                                                                                                                                                                                                                                                                                                                                                                                                                                                                                                                                                                                                                                                                                                                                                                                                                                                                                                                                                                
    100009 Rahul                                                   22000                                                                                                                                                                                                                                                                                                                                                                                                                                                                                                                                                                                                                                                                                                                                                                                                                                                                                                                                                                

6 rows selected.

SQL> SELECT BOOK_PUB_AUTHOR,BOOK_NAME FROM BOOK_MASTER WHERE BOOK_PUB_AUTHOR=(SELECT BOOK_PUB_AUTHOR FROM BOOK_MASTER GROUP BY BOOK_PUB_AUTHOR HAVING COUNT(BOOK_PUB_AUTHOR)>1);

BOOK_PUB_AUTHOR                                    BOOK_NAME                                                                                                                                                                                                                                                                                                                                                                                                                                                                                                                                                                                                                                                                                                                                                                                                                                                                                                                                                                            
-------------------------------------------------- --------------------------------------------------                                                                                                                                                                                                                                                                                                                                                                                                                                                                                                                                                                                                                                                                                                                                                                                                                                                                                                                                   
Yashavant Kanetkar                                 Let Us C++                                                                                                                                                                                                                                                                                                                                                                                                                                                                                                                                                                                                                                                                                                                                                                                                                                                                                                                                                                           
Yashavant Kanetkar                                 Let Us C                                                                                                                                                                                                                                                                                                                                                                                                                                                                                                                                                                                                                                                                                                                                                                                                                                                                                                                                                                             

SQL> select staff_code,staff_name,dept_name from staff_master s,department_master d where s.dept_code=d.dept_code and staff_code in (select staff_code from book_transactions group by staff_code having count(staff_code)>=2);

no rows selected

SQL> select count(student_code ),dept_code from student_master group by dept_code having count(student_code)=(select max(count(student_code)) from student_master group by dept_code);

COUNT(STUDENT_CODE)  DEPT_CODE                                                                                                                                                                                                                                                                                                                                                                                                                                                                                                                                                                                                                                                                                                                                                                                                                                                                                                                                                                                                          
------------------- ----------                                                                                                                                                                                                                                                                                                                                                                                                                                                                                                                                                                                                                                                                                                                                                                                                                                                                                                                                                                                                          
                  5         10                                                                                                                                                                                                                                                                                                                                                                                                                                                                                                                                                                                                                                                                                                                                                                                                                                                                                                                                                                                                          

SQL> spool off;
